<?xml version="1.0" encoding="utf-8"?>
<GestureDetector xmlns:xsi="http://www.w3.org/2001/XMLSchema-instance" xmlns:xsd="http://www.w3.org/2001/XMLSchema">
  <m_name>clap</m_name>
  <m_jointIdx>
    <SkeletonJoint>LeftShoulder</SkeletonJoint>
    <SkeletonJoint>LeftElbow</SkeletonJoint>
    <SkeletonJoint>RightShoulder</SkeletonJoint>
    <SkeletonJoint>RightElbow</SkeletonJoint>
  </m_jointIdx>
  <m_thresMulPerPost>
    <float>1</float>
    <float>1</float>
    <float>1</float>
  </m_thresMulPerPost>
  <m_thresMulPerJoint>
    <float>1</float>
    <float>1</float>
    <float>1</float>
    <float>1</float>
  </m_thresMulPerJoint>
  <m_posts>
    <PostureDetector>
      <m_name>clap_1</m_name>
      <m_jointMatcher>
        <JointMatcher>
          <m_jointIdx>LeftShoulder</m_jointIdx>
          <m_template>
            <x>-0.458406121</x>
            <y>-0.816774249</y>
            <z>0.268790722</z>
          </m_template>
          <m_templateThreshold>
            <x>31.2712822</x>
            <y>20</y>
            <z>25.6247578</z>
          </m_templateThreshold>
        </JointMatcher>
        <JointMatcher>
          <m_jointIdx>LeftElbow</m_jointIdx>
          <m_template>
            <x>-0.4696724</x>
            <y>-0.04264931</y>
            <z>0.847378254</z>
          </m_template>
          <m_templateThreshold>
            <x>29.7948</x>
            <y>30.0314331</y>
            <z>20</z>
          </m_templateThreshold>
        </JointMatcher>
        <JointMatcher>
          <m_jointIdx>RightShoulder</m_jointIdx>
          <m_template>
            <x>0.598395467</x>
            <y>-0.7359946</y>
            <z>0.23326</z>
          </m_template>
          <m_templateThreshold>
            <x>23.8087082</x>
            <y>20</y>
            <z>28.3985176</z>
          </m_templateThreshold>
        </JointMatcher>
        <JointMatcher>
          <m_jointIdx>RightElbow</m_jointIdx>
          <m_template>
            <x>0.7204643</x>
            <y>0.0780165046</y>
            <z>0.6636005</z>
          </m_template>
          <m_templateThreshold>
            <x>20</x>
            <y>22.5066814</y>
            <z>20</z>
          </m_templateThreshold>
        </JointMatcher>
      </m_jointMatcher>
    </PostureDetector>
    <PostureDetector>
      <m_name>clap_2</m_name>
      <m_jointMatcher>
        <JointMatcher>
          <m_jointIdx>LeftShoulder</m_jointIdx>
          <m_template>
            <x>-0.105840243</x>
            <y>-0.7068627</y>
            <z>0.629828334</z>
          </m_template>
          <m_templateThreshold>
            <x>54.7565346</x>
            <y>20</y>
            <z>20</z>
          </m_templateThreshold>
        </JointMatcher>
        <JointMatcher>
          <m_jointIdx>LeftElbow</m_jointIdx>
          <m_template>
            <x>0.135711461</x>
            <y>0.139796779</y>
            <z>0.97097373</z>
          </m_template>
          <m_templateThreshold>
            <x>22.6810951</x>
            <y>20</y>
            <z>20</z>
          </m_templateThreshold>
        </JointMatcher>
        <JointMatcher>
          <m_jointIdx>RightShoulder</m_jointIdx>
          <m_template>
            <x>0.235081911</x>
            <y>-0.6760942</y>
            <z>0.634787858</z>
          </m_template>
          <m_templateThreshold>
            <x>48.4725266</x>
            <y>20</y>
            <z>23.4643974</z>
          </m_templateThreshold>
        </JointMatcher>
        <JointMatcher>
          <m_jointIdx>RightElbow</m_jointIdx>
          <m_template>
            <x>0.01175785</x>
            <y>0.1972059</y>
            <z>0.968542635</z>
          </m_template>
          <m_templateThreshold>
            <x>24.93074</x>
            <y>20</y>
            <z>20</z>
          </m_templateThreshold>
        </JointMatcher>
      </m_jointMatcher>
    </PostureDetector>
    <PostureDetector>
      <m_name>clap_3</m_name>
      <m_jointMatcher>
        <JointMatcher>
          <m_jointIdx>LeftShoulder</m_jointIdx>
          <m_template>
            <x>0.07748713</x>
            <y>-0.7622225</y>
            <z>0.572779357</z>
          </m_template>
          <m_templateThreshold>
            <x>52.04129</x>
            <y>20</y>
            <z>20</z>
          </m_templateThreshold>
        </JointMatcher>
        <JointMatcher>
          <m_jointIdx>LeftElbow</m_jointIdx>
          <m_template>
            <x>0.506646</x>
            <y>0.112895861</y>
            <z>0.8443731</z>
          </m_template>
          <m_templateThreshold>
            <x>20</x>
            <y>20</y>
            <z>20</z>
          </m_templateThreshold>
        </JointMatcher>
        <JointMatcher>
          <m_jointIdx>RightShoulder</m_jointIdx>
          <m_template>
            <x>-0.080402486</x>
            <y>-0.742328346</y>
            <z>0.609458745</z>
          </m_template>
          <m_templateThreshold>
            <x>47.6926727</x>
            <y>20</y>
            <z>20</z>
          </m_templateThreshold>
        </JointMatcher>
        <JointMatcher>
          <m_jointIdx>RightElbow</m_jointIdx>
          <m_template>
            <x>-0.3262521</x>
            <y>0.0377735831</y>
            <z>0.9132242</z>
          </m_template>
          <m_templateThreshold>
            <x>39.4516144</x>
            <y>20</y>
            <z>20</z>
          </m_templateThreshold>
        </JointMatcher>
      </m_jointMatcher>
    </PostureDetector>
  </m_posts>
  <m_intervals>
    <float>0.294</float>
    <float>0.250428468</float>
  </m_intervals>
  <m_intvThres>
    <float>0.814089656</float>
    <float>0.404630125</float>
  </m_intvThres>
  <m_thresMulTimeIntv>1</m_thresMulTimeIntv>
</GestureDetector>