<?xml version="1.0" encoding="utf-8"?>
<GestureDetector xmlns:xsi="http://www.w3.org/2001/XMLSchema-instance" xmlns:xsd="http://www.w3.org/2001/XMLSchema">
  <m_name>exit</m_name>
  <m_jointIdx>
    <SkeletonJoint>LeftShoulder</SkeletonJoint>
    <SkeletonJoint>LeftElbow</SkeletonJoint>
    <SkeletonJoint>RightShoulder</SkeletonJoint>
    <SkeletonJoint>RightElbow</SkeletonJoint>
  </m_jointIdx>
  <m_thresMulPerPost>
    <float>1</float>
  </m_thresMulPerPost>
  <m_thresMulPerJoint>
    <float>1</float>
    <float>1</float>
    <float>1</float>
    <float>1</float>
  </m_thresMulPerJoint>
  <m_posts>
    <PostureDetector>
      <m_name>exit_1</m_name>
      <m_jointMatcher>
        <JointMatcher>
          <m_jointIdx>LeftShoulder</m_jointIdx>
          <m_template>
            <x>0.291853547</x>
            <y>-0.0449356139</y>
            <z>0.943630636</z>
          </m_template>
          <m_templateThreshold>
            <x>20.7408218</x>
            <y>20</y>
            <z>20</z>
          </m_templateThreshold>
        </JointMatcher>
        <JointMatcher>
          <m_jointIdx>LeftElbow</m_jointIdx>
          <m_template>
            <x>0.7134023</x>
            <y>0.6787469</y>
            <z>0.05944735</z>
          </m_template>
          <m_templateThreshold>
            <x>20</x>
            <y>20</y>
            <z>20</z>
          </m_templateThreshold>
        </JointMatcher>
        <JointMatcher>
          <m_jointIdx>RightShoulder</m_jointIdx>
          <m_template>
            <x>-0.21876812</x>
            <y>-0.157756522</y>
            <z>0.943756163</z>
          </m_template>
          <m_templateThreshold>
            <x>27.7447777</x>
            <y>20</y>
            <z>20</z>
          </m_templateThreshold>
        </JointMatcher>
        <JointMatcher>
          <m_jointIdx>RightElbow</m_jointIdx>
          <m_template>
            <x>-0.7739044</x>
            <y>0.5922583</y>
            <z>0.13540417</z>
          </m_template>
          <m_templateThreshold>
            <x>20</x>
            <y>23.4112282</y>
            <z>20</z>
          </m_templateThreshold>
        </JointMatcher>
      </m_jointMatcher>
    </PostureDetector>
  </m_posts>
  <m_intervals />
  <m_intvThres />
  <m_thresMulTimeIntv>1</m_thresMulTimeIntv>
</GestureDetector>