<?xml version="1.0" encoding="utf-8"?>
<GestureDetector xmlns:xsi="http://www.w3.org/2001/XMLSchema-instance" xmlns:xsd="http://www.w3.org/2001/XMLSchema">
  <m_name>pull</m_name>
  <m_jointIdx>
    <SkeletonJoint>RightShoulder</SkeletonJoint>
    <SkeletonJoint>RightElbow</SkeletonJoint>
  </m_jointIdx>
  <m_thresMulPerPost>
    <float>1</float>
    <float>1</float>
  </m_thresMulPerPost>
  <m_thresMulPerJoint>
    <float>1</float>
    <float>1</float>
  </m_thresMulPerJoint>
  <m_posts>
    <PostureDetector>
      <m_name>pull_1</m_name>
      <m_jointMatcher>
        <JointMatcher>
          <m_jointIdx>RightShoulder</m_jointIdx>
          <m_template>
            <x>0.4374637</x>
            <y>-0.157619074</y>
            <z>0.8265292</z>
          </m_template>
          <m_templateThreshold>
            <x>30.1962128</x>
            <y>46.59899</y>
            <z>23.9437943</z>
          </m_templateThreshold>
        </JointMatcher>
        <JointMatcher>
          <m_jointIdx>RightElbow</m_jointIdx>
          <m_template>
            <x>0.0197119378</x>
            <y>0.290269881</y>
            <z>0.937995553</z>
          </m_template>
          <m_templateThreshold>
            <x>20</x>
            <y>31.7800941</y>
            <z>20</z>
          </m_templateThreshold>
        </JointMatcher>
      </m_jointMatcher>
    </PostureDetector>
    <PostureDetector>
      <m_name>pull_2</m_name>
      <m_jointMatcher>
        <JointMatcher>
          <m_jointIdx>RightShoulder</m_jointIdx>
          <m_template>
            <x>0.419449627</x>
            <y>-0.6477114</y>
            <z>-0.6072375</z>
          </m_template>
          <m_templateThreshold>
            <x>20</x>
            <y>23.4058743</y>
            <z>20</z>
          </m_templateThreshold>
        </JointMatcher>
        <JointMatcher>
          <m_jointIdx>RightElbow</m_jointIdx>
          <m_template>
            <x>-0.120725647</x>
            <y>0.557998836</y>
            <z>0.786150038</z>
          </m_template>
          <m_templateThreshold>
            <x>34.6628876</x>
            <y>23.0607529</y>
            <z>20</z>
          </m_templateThreshold>
        </JointMatcher>
      </m_jointMatcher>
    </PostureDetector>
  </m_posts>
  <m_intervals>
    <float>0.4691426</float>
  </m_intervals>
  <m_intvThres>
    <float>1.69026065</float>
  </m_intvThres>
  <m_thresMulTimeIntv>1</m_thresMulTimeIntv>
</GestureDetector>