<?xml version="1.0" encoding="utf-8"?>
<GestureDetector xmlns:xsi="http://www.w3.org/2001/XMLSchema-instance" xmlns:xsd="http://www.w3.org/2001/XMLSchema">
  <m_name>push</m_name>
  <m_jointIdx>
    <SkeletonJoint>RightShoulder</SkeletonJoint>
    <SkeletonJoint>RightElbow</SkeletonJoint>
  </m_jointIdx>
  <m_thresMulPerPost>
    <float>1</float>
    <float>1</float>
  </m_thresMulPerPost>
  <m_thresMulPerJoint>
    <float>1</float>
    <float>1</float>
  </m_thresMulPerJoint>
  <m_posts>
    <PostureDetector>
      <m_name>push_1</m_name>
      <m_jointMatcher>
        <JointMatcher>
          <m_jointIdx>RightShoulder</m_jointIdx>
          <m_template>
            <x>0.312188983</x>
            <y>-0.8316958</y>
            <z>-0.446911216</z>
          </m_template>
          <m_templateThreshold>
            <x>20</x>
            <y>20</y>
            <z>20</z>
          </m_templateThreshold>
        </JointMatcher>
        <JointMatcher>
          <m_jointIdx>RightElbow</m_jointIdx>
          <m_template>
            <x>-0.02200634</x>
            <y>0.206058279</y>
            <z>0.956134439</z>
          </m_template>
          <m_templateThreshold>
            <x>37.7183456</x>
            <y>20</y>
            <z>20</z>
          </m_templateThreshold>
        </JointMatcher>
      </m_jointMatcher>
    </PostureDetector>
    <PostureDetector>
      <m_name>push_2</m_name>
      <m_jointMatcher>
        <JointMatcher>
          <m_jointIdx>RightShoulder</m_jointIdx>
          <m_template>
            <x>0.351264715</x>
            <y>-0.2121756</y>
            <z>0.8770694</z>
          </m_template>
          <m_templateThreshold>
            <x>34.5653076</x>
            <y>26.721611</y>
            <z>20</z>
          </m_templateThreshold>
        </JointMatcher>
        <JointMatcher>
          <m_jointIdx>RightElbow</m_jointIdx>
          <m_template>
            <x>0.130027011</x>
            <y>0.205756813</y>
            <z>0.9493238</z>
          </m_template>
          <m_templateThreshold>
            <x>21.2993717</x>
            <y>28.8400078</y>
            <z>20</z>
          </m_templateThreshold>
        </JointMatcher>
      </m_jointMatcher>
    </PostureDetector>
  </m_posts>
  <m_intervals>
    <float>0.72299993</float>
  </m_intervals>
  <m_intvThres>
    <float>1.84642363</float>
  </m_intvThres>
  <m_thresMulTimeIntv>1</m_thresMulTimeIntv>
</GestureDetector>