<?xml version="1.0" encoding="utf-8"?>
<GestureDetector xmlns:xsi="http://www.w3.org/2001/XMLSchema-instance" xmlns:xsd="http://www.w3.org/2001/XMLSchema">
  <m_name>swipeRight4</m_name>
  <m_jointIdx>
    <SkeletonJoint>LeftShoulder</SkeletonJoint>
    <SkeletonJoint>LeftElbow</SkeletonJoint>
    <SkeletonJoint>RightShoulder</SkeletonJoint>
    <SkeletonJoint>RightElbow</SkeletonJoint>
  </m_jointIdx>
  <m_thresMulPerPost>
    <float>1</float>
    <float>2</float>
    <float>2</float>
  </m_thresMulPerPost>
  <m_thresMulPerJoint>
    <float>1</float>
    <float>1</float>
    <float>2</float>
    <float>2</float>
  </m_thresMulPerJoint>
  <m_posts>
    <PostureDetector>
      <m_name>swipeRight4_1</m_name>
      <m_jointMatcher>
        <JointMatcher>
          <m_jointIdx>LeftShoulder</m_jointIdx>
          <m_template>
            <x>-0.6360864</x>
            <y>-0.7511877</y>
            <z>-0.0819831342</z>
          </m_template>
          <m_templateThreshold>
            <x>20</x>
            <y>20</y>
            <z>20</z>
          </m_templateThreshold>
        </JointMatcher>
        <JointMatcher>
          <m_jointIdx>LeftElbow</m_jointIdx>
          <m_template>
            <x>-0.914152741</x>
            <y>0.0268382318</y>
            <z>0.338873744</z>
          </m_template>
          <m_templateThreshold>
            <x>20</x>
            <y>35.11584</y>
            <z>20</z>
          </m_templateThreshold>
        </JointMatcher>
        <JointMatcher>
          <m_jointIdx>RightShoulder</m_jointIdx>
          <m_template>
            <x>0.041599635</x>
            <y>-0.9851909</y>
            <z>0.11924541</z>
          </m_template>
          <m_templateThreshold>
            <x>20</x>
            <y>20</y>
            <z>20</z>
          </m_templateThreshold>
        </JointMatcher>
        <JointMatcher>
          <m_jointIdx>RightElbow</m_jointIdx>
          <m_template>
            <x>-0.0282228123</x>
            <y>-0.978399336</y>
            <z>0.1901669</z>
          </m_template>
          <m_templateThreshold>
            <x>20</x>
            <y>20</y>
            <z>20</z>
          </m_templateThreshold>
        </JointMatcher>
      </m_jointMatcher>
    </PostureDetector>
    <PostureDetector>
      <m_name>swipeRight4_2</m_name>
      <m_jointMatcher>
        <JointMatcher>
          <m_jointIdx>LeftShoulder</m_jointIdx>
          <m_template>
            <x>-0.3770814</x>
            <y>-0.8315677</y>
            <z>0.364138573</z>
          </m_template>
          <m_templateThreshold>
            <x>21.7503052</x>
            <y>20</y>
            <z>20.15045</z>
          </m_templateThreshold>
        </JointMatcher>
        <JointMatcher>
          <m_jointIdx>LeftElbow</m_jointIdx>
          <m_template>
            <x>-0.008261991</x>
            <y>0.10138166</y>
            <z>0.9737111</z>
          </m_template>
          <m_templateThreshold>
            <x>20.1852245</x>
            <y>31.062561</y>
            <z>20</z>
          </m_templateThreshold>
        </JointMatcher>
        <JointMatcher>
          <m_jointIdx>RightShoulder</m_jointIdx>
          <m_template>
            <x>0.0253823921</x>
            <y>-0.988953769</y>
            <z>0.09534905</z>
          </m_template>
          <m_templateThreshold>
            <x>20</x>
            <y>20</y>
            <z>20</z>
          </m_templateThreshold>
        </JointMatcher>
        <JointMatcher>
          <m_jointIdx>RightElbow</m_jointIdx>
          <m_template>
            <x>-0.0592483729</x>
            <y>-0.978154361</y>
            <z>0.171931878</z>
          </m_template>
          <m_templateThreshold>
            <x>20</x>
            <y>20</y>
            <z>20</z>
          </m_templateThreshold>
        </JointMatcher>
      </m_jointMatcher>
    </PostureDetector>
    <PostureDetector>
      <m_name>swipeRight4_3</m_name>
      <m_jointMatcher>
        <JointMatcher>
          <m_jointIdx>LeftShoulder</m_jointIdx>
          <m_template>
            <x>0.0468938351</x>
            <y>-0.8188268</y>
            <z>0.5497372</z>
          </m_template>
          <m_templateThreshold>
            <x>20</x>
            <y>20</y>
            <z>20.3944054</z>
          </m_templateThreshold>
        </JointMatcher>
        <JointMatcher>
          <m_jointIdx>LeftElbow</m_jointIdx>
          <m_template>
            <x>0.8041781</x>
            <y>-0.162765831</y>
            <z>0.5034865</z>
          </m_template>
          <m_templateThreshold>
            <x>20</x>
            <y>45.2293549</y>
            <z>20</z>
          </m_templateThreshold>
        </JointMatcher>
        <JointMatcher>
          <m_jointIdx>RightShoulder</m_jointIdx>
          <m_template>
            <x>0.08120745</x>
            <y>-0.975712657</y>
            <z>0.0987297148</z>
          </m_template>
          <m_templateThreshold>
            <x>20</x>
            <y>20</y>
            <z>31.9394684</z>
          </m_templateThreshold>
        </JointMatcher>
        <JointMatcher>
          <m_jointIdx>RightElbow</m_jointIdx>
          <m_template>
            <x>-0.08789174</x>
            <y>-0.9790972</y>
            <z>0.13664864</z>
          </m_template>
          <m_templateThreshold>
            <x>20</x>
            <y>20</y>
            <z>20</z>
          </m_templateThreshold>
        </JointMatcher>
      </m_jointMatcher>
    </PostureDetector>
  </m_posts>
  <m_intervals>
    <float>0.37229988</float>
    <float>0.2531001</float>
  </m_intervals>
  <m_intvThres>
    <float>0.975283265</float>
    <float>0.7552114</float>
  </m_intvThres>
  <m_thresMulTimeIntv>1</m_thresMulTimeIntv>
</GestureDetector>