<?xml version="1.0" encoding="utf-8"?>
<GestureDetector xmlns:xsi="http://www.w3.org/2001/XMLSchema-instance" xmlns:xsd="http://www.w3.org/2001/XMLSchema">
  <m_name>swipeLeft4</m_name>
  <m_jointIdx>
    <SkeletonJoint>LeftShoulder</SkeletonJoint>
    <SkeletonJoint>LeftElbow</SkeletonJoint>
    <SkeletonJoint>RightShoulder</SkeletonJoint>
    <SkeletonJoint>RightElbow</SkeletonJoint>
  </m_jointIdx>
  <m_thresMulPerPost>
    <float>1</float>
    <float>2</float>
    <float>1</float>
  </m_thresMulPerPost>
  <m_thresMulPerJoint>
    <float>2</float>
    <float>2</float>
    <float>1</float>
    <float>1</float>
  </m_thresMulPerJoint>
  <m_posts>
    <PostureDetector>
      <m_name>swipeLeft4_1</m_name>
      <m_jointMatcher>
        <JointMatcher>
          <m_jointIdx>LeftShoulder</m_jointIdx>
          <m_template>
            <x>-0.0107903928</x>
            <y>-0.9797455</y>
            <z>0.08755573</z>
          </m_template>
          <m_templateThreshold>
            <x>26.2964325</x>
            <y>20</y>
            <z>21.3963165</z>
          </m_templateThreshold>
        </JointMatcher>
        <JointMatcher>
          <m_jointIdx>LeftElbow</m_jointIdx>
          <m_template>
            <x>0.03138772</x>
            <y>-0.9805282</y>
            <z>0.175518036</z>
          </m_template>
          <m_templateThreshold>
            <x>20</x>
            <y>20</y>
            <z>20</z>
          </m_templateThreshold>
        </JointMatcher>
        <JointMatcher>
          <m_jointIdx>RightShoulder</m_jointIdx>
          <m_template>
            <x>0.5733072</x>
            <y>-0.7252927</y>
            <z>0.343543619</z>
          </m_template>
          <m_templateThreshold>
            <x>20</x>
            <y>20</y>
            <z>24.01516</z>
          </m_templateThreshold>
        </JointMatcher>
        <JointMatcher>
          <m_jointIdx>RightElbow</m_jointIdx>
          <m_template>
            <x>0.7760642</x>
            <y>0.0536466353</y>
            <z>0.6026152</z>
          </m_template>
          <m_templateThreshold>
            <x>20</x>
            <y>26.8322678</y>
            <z>20</z>
          </m_templateThreshold>
        </JointMatcher>
      </m_jointMatcher>
    </PostureDetector>
    <PostureDetector>
      <m_name>swipeLeft4_2</m_name>
      <m_jointMatcher>
        <JointMatcher>
          <m_jointIdx>LeftShoulder</m_jointIdx>
          <m_template>
            <x>-0.06725771</x>
            <y>-0.970677853</y>
            <z>-0.01628602</z>
          </m_template>
          <m_templateThreshold>
            <x>27.7998562</x>
            <y>20</y>
            <z>33.11211</z>
          </m_templateThreshold>
        </JointMatcher>
        <JointMatcher>
          <m_jointIdx>LeftElbow</m_jointIdx>
          <m_template>
            <x>0.09408692</x>
            <y>-0.9720049</y>
            <z>0.18975009</z>
          </m_template>
          <m_templateThreshold>
            <x>20</x>
            <y>20</y>
            <z>20</z>
          </m_templateThreshold>
        </JointMatcher>
        <JointMatcher>
          <m_jointIdx>RightShoulder</m_jointIdx>
          <m_template>
            <x>0.24544017</x>
            <y>-0.6690173</y>
            <z>0.6722502</z>
          </m_template>
          <m_templateThreshold>
            <x>30.8148346</x>
            <y>20</y>
            <z>20</z>
          </m_templateThreshold>
        </JointMatcher>
        <JointMatcher>
          <m_jointIdx>RightElbow</m_jointIdx>
          <m_template>
            <x>0.03866182</x>
            <y>0.193073839</y>
            <z>0.969015956</z>
          </m_template>
          <m_templateThreshold>
            <x>20</x>
            <y>23.93792</y>
            <z>20</z>
          </m_templateThreshold>
        </JointMatcher>
      </m_jointMatcher>
    </PostureDetector>
    <PostureDetector>
      <m_name>swipeLeft4_3</m_name>
      <m_jointMatcher>
        <JointMatcher>
          <m_jointIdx>LeftShoulder</m_jointIdx>
          <m_template>
            <x>0.005622931</x>
            <y>-0.9841611</y>
            <z>0.0198763572</z>
          </m_template>
          <m_templateThreshold>
            <x>22.1479664</x>
            <y>20</y>
            <z>24.5506268</z>
          </m_templateThreshold>
        </JointMatcher>
        <JointMatcher>
          <m_jointIdx>LeftElbow</m_jointIdx>
          <m_template>
            <x>0.11156901</x>
            <y>-0.969413161</y>
            <z>0.189778671</z>
          </m_template>
          <m_templateThreshold>
            <x>20</x>
            <y>20</y>
            <z>20</z>
          </m_templateThreshold>
        </JointMatcher>
        <JointMatcher>
          <m_jointIdx>RightShoulder</m_jointIdx>
          <m_template>
            <x>-0.0427471139</x>
            <y>-0.7860995</y>
            <z>0.6032749</z>
          </m_template>
          <m_templateThreshold>
            <x>20</x>
            <y>20</y>
            <z>20</z>
          </m_templateThreshold>
        </JointMatcher>
        <JointMatcher>
          <m_jointIdx>RightElbow</m_jointIdx>
          <m_template>
            <x>-0.8543914</x>
            <y>-0.272931725</y>
            <z>0.387302458</z>
          </m_template>
          <m_templateThreshold>
            <x>20</x>
            <y>33.8991165</y>
            <z>20</z>
          </m_templateThreshold>
        </JointMatcher>
      </m_jointMatcher>
    </PostureDetector>
  </m_posts>
  <m_intervals>
    <float>0.30757162</float>
    <float>0.267428815</float>
  </m_intervals>
  <m_intvThres>
    <float>0.791622162</float>
    <float>0.537334442</float>
  </m_intvThres>
  <m_thresMulTimeIntv>1</m_thresMulTimeIntv>
</GestureDetector>