<?xml version="1.0" encoding="utf-8"?>
<GestureDetector xmlns:xsi="http://www.w3.org/2001/XMLSchema-instance" xmlns:xsd="http://www.w3.org/2001/XMLSchema">
  <m_name>swipeUp4</m_name>
  <m_jointIdx>
    <SkeletonJoint>LeftShoulder</SkeletonJoint>
    <SkeletonJoint>LeftElbow</SkeletonJoint>
    <SkeletonJoint>RightShoulder</SkeletonJoint>
    <SkeletonJoint>RightElbow</SkeletonJoint>
  </m_jointIdx>
  <m_thresMulPerPost>
    <float>1</float>
    <float>1</float>
  </m_thresMulPerPost>
  <m_thresMulPerJoint>
    <float>1</float>
    <float>1</float>
    <float>1</float>
    <float>1</float>
  </m_thresMulPerJoint>
  <m_posts>
    <PostureDetector>
      <m_name>swipeUp4_1</m_name>
      <m_jointMatcher>
        <JointMatcher>
          <m_jointIdx>LeftShoulder</m_jointIdx>
          <m_template>
            <x>-0.414949358</x>
            <y>-0.7550436</y>
            <z>0.471611828</z>
          </m_template>
          <m_templateThreshold>
            <x>24.8766632</x>
            <y>20</y>
            <z>20</z>
          </m_templateThreshold>
        </JointMatcher>
        <JointMatcher>
          <m_jointIdx>LeftElbow</m_jointIdx>
          <m_template>
            <x>-0.0430022068</x>
            <y>-0.6680053</y>
            <z>0.737319052</z>
          </m_template>
          <m_templateThreshold>
            <x>20</x>
            <y>20</y>
            <z>20</z>
          </m_templateThreshold>
        </JointMatcher>
        <JointMatcher>
          <m_jointIdx>RightShoulder</m_jointIdx>
          <m_template>
            <x>0.10909041</x>
            <y>-0.9852967</y>
            <z>-0.05844977</z>
          </m_template>
          <m_templateThreshold>
            <x>20</x>
            <y>20</y>
            <z>20</z>
          </m_templateThreshold>
        </JointMatcher>
        <JointMatcher>
          <m_jointIdx>RightElbow</m_jointIdx>
          <m_template>
            <x>0.01561065</x>
            <y>-0.9576348</y>
            <z>0.2470472</z>
          </m_template>
          <m_templateThreshold>
            <x>26.3215637</x>
            <y>20</y>
            <z>20</z>
          </m_templateThreshold>
        </JointMatcher>
      </m_jointMatcher>
    </PostureDetector>
    <PostureDetector>
      <m_name>swipeUp4_2</m_name>
      <m_jointMatcher>
        <JointMatcher>
          <m_jointIdx>LeftShoulder</m_jointIdx>
          <m_template>
            <x>-0.632684231</x>
            <y>0.186615586</y>
            <z>0.7000479</z>
          </m_template>
          <m_templateThreshold>
            <x>32.5445175</x>
            <y>27.1515484</y>
            <z>27.7702827</z>
          </m_templateThreshold>
        </JointMatcher>
        <JointMatcher>
          <m_jointIdx>LeftElbow</m_jointIdx>
          <m_template>
            <x>-0.246857733</x>
            <y>0.156613141</y>
            <z>0.928954244</z>
          </m_template>
          <m_templateThreshold>
            <x>34.164</x>
            <y>23.6878414</y>
            <z>20</z>
          </m_templateThreshold>
        </JointMatcher>
        <JointMatcher>
          <m_jointIdx>RightShoulder</m_jointIdx>
          <m_template>
            <x>0.184414744</x>
            <y>-0.9774775</y>
            <z>-0.0568872243</z>
          </m_template>
          <m_templateThreshold>
            <x>20</x>
            <y>20</y>
            <z>20</z>
          </m_templateThreshold>
        </JointMatcher>
        <JointMatcher>
          <m_jointIdx>RightElbow</m_jointIdx>
          <m_template>
            <x>0.0388793871</x>
            <y>-0.967165649</y>
            <z>0.192881018</z>
          </m_template>
          <m_templateThreshold>
            <x>27.0008087</x>
            <y>20</y>
            <z>20</z>
          </m_templateThreshold>
        </JointMatcher>
      </m_jointMatcher>
    </PostureDetector>
  </m_posts>
  <m_intervals>
    <float>0.5969998</float>
  </m_intervals>
  <m_intvThres>
    <float>0.192525312</float>
  </m_intvThres>
  <m_thresMulTimeIntv>1</m_thresMulTimeIntv>
</GestureDetector>