<?xml version="1.0" encoding="utf-8"?>
<GestureDetector xmlns:xsi="http://www.w3.org/2001/XMLSchema-instance" xmlns:xsd="http://www.w3.org/2001/XMLSchema">
  <m_name>waveR</m_name>
  <m_jointIdx>
    <SkeletonJoint>RightShoulder</SkeletonJoint>
    <SkeletonJoint>RightElbow</SkeletonJoint>
  </m_jointIdx>
  <m_thresMulPerPost>
    <float>1</float>
    <float>1</float>
    <float>1</float>
    <float>1</float>
  </m_thresMulPerPost>
  <m_thresMulPerJoint>
    <float>1</float>
    <float>1</float>
  </m_thresMulPerJoint>
  <m_posts>
    <PostureDetector>
      <m_name>wave_1</m_name>
      <m_jointMatcher>
        <JointMatcher>
          <m_jointIdx>RightShoulder</m_jointIdx>
          <m_template>
            <x>0.815788567</x>
            <y>0.09180424</y>
            <z>0.46345675</z>
          </m_template>
          <m_templateThreshold>
            <x>22.2839489</x>
            <y>40.40388</y>
            <z>37.93065</z>
          </m_templateThreshold>
        </JointMatcher>
        <JointMatcher>
          <m_jointIdx>RightElbow</m_jointIdx>
          <m_template>
            <x>0.444162965</x>
            <y>0.8338482</y>
            <z>0.176121309</z>
          </m_template>
          <m_templateThreshold>
            <x>29.3629017</x>
            <y>20</y>
            <z>35.1820755</z>
          </m_templateThreshold>
        </JointMatcher>
      </m_jointMatcher>
    </PostureDetector>
    <PostureDetector>
      <m_name>wave_2</m_name>
      <m_jointMatcher>
        <JointMatcher xsi:type="JointMatcherR">
          <m_jointIdx>RightShoulder</m_jointIdx>
          <m_template>
            <x>-0.196619555</x>
            <y>0.132888466</y>
            <z>0.170468956</z>
          </m_template>
          <m_templateThreshold>
            <x>0.4018417</x>
            <y>0.3</y>
            <z>0.396063328</z>
          </m_templateThreshold>
        </JointMatcher>
        <JointMatcher xsi:type="JointMatcherR">
          <m_jointIdx>RightElbow</m_jointIdx>
          <m_template>
            <x>-0.5213397</x>
            <y>0.09357422</y>
            <z>0.119748592</z>
          </m_template>
          <m_templateThreshold>
            <x>0.6313423</x>
            <y>0.3</y>
            <z>0.4661832</z>
          </m_templateThreshold>
        </JointMatcher>
      </m_jointMatcher>
    </PostureDetector>
    <PostureDetector>
      <m_name>wave_3</m_name>
      <m_jointMatcher>
        <JointMatcher xsi:type="JointMatcherR">
          <m_jointIdx>RightShoulder</m_jointIdx>
          <m_template>
            <x>-0.260323435</x>
            <y>-0.0407662839</y>
            <z>0.09713072</z>
          </m_template>
          <m_templateThreshold>
            <x>0.6357355</x>
            <y>0.325966835</y>
            <z>0.3</z>
          </m_templateThreshold>
        </JointMatcher>
        <JointMatcher xsi:type="JointMatcherR">
          <m_jointIdx>RightElbow</m_jointIdx>
          <m_template>
            <x>-0.6314169</x>
            <y>-0.3194619</y>
            <z>-0.016665874</z>
          </m_template>
          <m_templateThreshold>
            <x>0.62939465</x>
            <y>0.37266627</y>
            <z>0.57297045</z>
          </m_templateThreshold>
        </JointMatcher>
      </m_jointMatcher>
    </PostureDetector>
    <PostureDetector>
      <m_name>wave_4</m_name>
      <m_jointMatcher>
        <JointMatcher xsi:type="JointMatcherR">
          <m_jointIdx>RightShoulder</m_jointIdx>
          <m_template>
            <x>0.3264633</x>
            <y>0.01658059</y>
            <z>-0.198984474</z>
          </m_template>
          <m_templateThreshold>
            <x>0.7023603</x>
            <y>0.408994377</y>
            <z>0.302157372</z>
          </m_templateThreshold>
        </JointMatcher>
        <JointMatcher xsi:type="JointMatcherR">
          <m_jointIdx>RightElbow</m_jointIdx>
          <m_template>
            <x>0.630069733</x>
            <y>0.304525465</y>
            <z>-0.0008291136</z>
          </m_template>
          <m_templateThreshold>
            <x>0.4871502</x>
            <y>0.361997843</y>
            <z>0.6813333</z>
          </m_templateThreshold>
        </JointMatcher>
      </m_jointMatcher>
    </PostureDetector>
  </m_posts>
  <m_intervals>
    <float>0.2408724</float>
    <float>0.206276551</float>
    <float>0.369695574</float>
  </m_intervals>
  <m_intvThres>
    <float>1.17474031</float>
    <float>0.7629272</float>
    <float>1.86540258</float>
  </m_intvThres>
  <m_thresMulTimeIntv>1</m_thresMulTimeIntv>
</GestureDetector>