<?xml version="1.0" encoding="utf-8"?>
<GestureDetector xmlns:xsi="http://www.w3.org/2001/XMLSchema-instance" xmlns:xsd="http://www.w3.org/2001/XMLSchema">
  <m_name>wave</m_name>
  <m_jointIdx>
    <SkeletonJoint>RightShoulder</SkeletonJoint>
    <SkeletonJoint>RightElbow</SkeletonJoint>
  </m_jointIdx>
  <m_thresMulPerPost>
    <float>1</float>
    <float>1</float>
    <float>1</float>
    <float>1</float>
  </m_thresMulPerPost>
  <m_thresMulPerJoint>
    <float>2</float>
    <float>1</float>
  </m_thresMulPerJoint>
  <m_posts>
    <PostureDetector>
      <m_name>wave_1</m_name>
      <m_jointMatcher>
        <JointMatcher>
          <m_jointIdx>RightShoulder</m_jointIdx>
          <m_template>
            <x>0.815788567</x>
            <y>0.09180424</y>
            <z>0.46345675</z>
          </m_template>
          <m_templateThreshold>
            <x>22.2839489</x>
            <y>40.40388</y>
            <z>37.93065</z>
          </m_templateThreshold>
        </JointMatcher>
        <JointMatcher>
          <m_jointIdx>RightElbow</m_jointIdx>
          <m_template>
            <x>0.444162965</x>
            <y>0.8338482</y>
            <z>0.176121309</z>
          </m_template>
          <m_templateThreshold>
            <x>29.3629017</x>
            <y>20</y>
            <z>35.1820755</z>
          </m_templateThreshold>
        </JointMatcher>
      </m_jointMatcher>
    </PostureDetector>
    <PostureDetector>
      <m_name>wave_2</m_name>
      <m_jointMatcher>
        <JointMatcher>
          <m_jointIdx>RightShoulder</m_jointIdx>
          <m_template>
            <x>0.619169</x>
            <y>0.224692687</y>
            <z>0.633925736</z>
          </m_template>
          <m_templateThreshold>
            <x>39.20854</x>
            <y>49.4751358</y>
            <z>38.048996</z>
          </m_templateThreshold>
        </JointMatcher>
        <JointMatcher>
          <m_jointIdx>RightElbow</m_jointIdx>
          <m_template>
            <x>-0.07717686</x>
            <y>0.9274223</y>
            <z>0.295869917</z>
          </m_template>
          <m_templateThreshold>
            <x>27.2035484</x>
            <y>20</y>
            <z>25.0389252</z>
          </m_templateThreshold>
        </JointMatcher>
      </m_jointMatcher>
    </PostureDetector>
    <PostureDetector>
      <m_name>wave_3</m_name>
      <m_jointMatcher>
        <JointMatcher>
          <m_jointIdx>RightShoulder</m_jointIdx>
          <m_template>
            <x>0.358845741</x>
            <y>0.1839264</y>
            <z>0.731056452</z>
          </m_template>
          <m_templateThreshold>
            <x>56.55987</x>
            <y>79.295784</y>
            <z>34.0594978</z>
          </m_templateThreshold>
        </JointMatcher>
        <JointMatcher>
          <m_jointIdx>RightElbow</m_jointIdx>
          <m_template>
            <x>-0.708593667</x>
            <y>0.6079606</y>
            <z>0.27920413</z>
          </m_template>
          <m_templateThreshold>
            <x>20</x>
            <y>20.586853</y>
            <z>31.1626682</z>
          </m_templateThreshold>
        </JointMatcher>
      </m_jointMatcher>
    </PostureDetector>
    <PostureDetector>
      <m_name>wave_4</m_name>
      <m_jointMatcher>
        <JointMatcher>
          <m_jointIdx>RightShoulder</m_jointIdx>
          <m_template>
            <x>0.701024354</x>
            <y>0.202494785</y>
            <z>0.52781713</z>
          </m_template>
          <m_templateThreshold>
            <x>37.51903</x>
            <y>46.72867</y>
            <z>52.0788651</z>
          </m_templateThreshold>
        </JointMatcher>
        <JointMatcher>
          <m_jointIdx>RightElbow</m_jointIdx>
          <m_template>
            <x>-0.0734722242</x>
            <y>0.918353438</y>
            <z>0.2840804</z>
          </m_template>
          <m_templateThreshold>
            <x>38.4028625</x>
            <y>20</y>
            <z>26.3527069</z>
          </m_templateThreshold>
        </JointMatcher>
      </m_jointMatcher>
    </PostureDetector>
  </m_posts>
  <m_intervals>
    <float>0.2408724</float>
    <float>0.206276551</float>
    <float>0.369695574</float>
  </m_intervals>
  <m_intvThres>
    <float>0.352422118</float>
    <float>0.22887814</float>
    <float>0.5596208</float>
  </m_intvThres>
  <m_thresMulTimeIntv>10</m_thresMulTimeIntv>
</GestureDetector>