<?xml version="1.0" encoding="utf-8"?>
<GestureDetector xmlns:xsi="http://www.w3.org/2001/XMLSchema-instance" xmlns:xsd="http://www.w3.org/2001/XMLSchema">
  <m_name>zoomIn</m_name>
  <m_jointIdx>
    <SkeletonJoint>LeftShoulder</SkeletonJoint>
    <SkeletonJoint>LeftElbow</SkeletonJoint>
    <SkeletonJoint>RightShoulder</SkeletonJoint>
    <SkeletonJoint>RightElbow</SkeletonJoint>
  </m_jointIdx>
  <m_thresMulPerPost>
    <float>1</float>
    <float>1</float>
  </m_thresMulPerPost>
  <m_thresMulPerJoint>
    <float>1</float>
    <float>1</float>
    <float>1</float>
    <float>1</float>
  </m_thresMulPerJoint>
  <m_posts>
    <PostureDetector>
      <m_name>zoomIn_1</m_name>
      <m_jointMatcher>
        <JointMatcher>
          <m_jointIdx>LeftShoulder</m_jointIdx>
          <m_template>
            <x>-0.2308347</x>
            <y>-0.86886847</y>
            <z>0.344409764</z>
          </m_template>
          <m_templateThreshold>
            <x>45.6772232</x>
            <y>20</y>
            <z>20</z>
          </m_templateThreshold>
        </JointMatcher>
        <JointMatcher>
          <m_jointIdx>LeftElbow</m_jointIdx>
          <m_template>
            <x>0.3450763</x>
            <y>0.05659759</y>
            <z>0.8964807</z>
          </m_template>
          <m_templateThreshold>
            <x>41.48177</x>
            <y>25.0221863</y>
            <z>20</z>
          </m_templateThreshold>
        </JointMatcher>
        <JointMatcher>
          <m_jointIdx>RightShoulder</m_jointIdx>
          <m_template>
            <x>0.5554277</x>
            <y>-0.522582054</y>
            <z>0.6091784</z>
          </m_template>
          <m_templateThreshold>
            <x>29.0676842</x>
            <y>20</y>
            <z>25.8895168</z>
          </m_templateThreshold>
        </JointMatcher>
        <JointMatcher>
          <m_jointIdx>RightElbow</m_jointIdx>
          <m_template>
            <x>-0.429292083</x>
            <y>0.323178649</y>
            <z>0.829673052</z>
          </m_template>
          <m_templateThreshold>
            <x>20</x>
            <y>22.878479</y>
            <z>20</z>
          </m_templateThreshold>
        </JointMatcher>
      </m_jointMatcher>
    </PostureDetector>
    <PostureDetector>
      <m_name>zoomIn_2</m_name>
      <m_jointMatcher>
        <JointMatcher>
          <m_jointIdx>LeftShoulder</m_jointIdx>
          <m_template>
            <x>-0.4753916</x>
            <y>-0.8663314</y>
            <z>0.0166576542</z>
          </m_template>
          <m_templateThreshold>
            <x>20</x>
            <y>20</y>
            <z>20</z>
          </m_templateThreshold>
        </JointMatcher>
        <JointMatcher>
          <m_jointIdx>LeftElbow</m_jointIdx>
          <m_template>
            <x>-0.5055508</x>
            <y>-0.398184448</y>
            <z>0.7260339</z>
          </m_template>
          <m_templateThreshold>
            <x>20.652298</x>
            <y>37.915966</y>
            <z>20</z>
          </m_templateThreshold>
        </JointMatcher>
        <JointMatcher>
          <m_jointIdx>RightShoulder</m_jointIdx>
          <m_template>
            <x>0.9492393</x>
            <y>-0.120724015</y>
            <z>0.222665548</z>
          </m_template>
          <m_templateThreshold>
            <x>20</x>
            <y>30.66795</y>
            <z>20</z>
          </m_templateThreshold>
        </JointMatcher>
        <JointMatcher>
          <m_jointIdx>RightElbow</m_jointIdx>
          <m_template>
            <x>0.389003247</x>
            <y>0.7537963</y>
            <z>0.474479556</z>
          </m_template>
          <m_templateThreshold>
            <x>35.0764847</x>
            <y>26.3356819</y>
            <z>20</z>
          </m_templateThreshold>
        </JointMatcher>
      </m_jointMatcher>
    </PostureDetector>
  </m_posts>
  <m_intervals>
    <float>0.545222461</float>
  </m_intervals>
  <m_intvThres>
    <float>1.62022662</float>
  </m_intvThres>
  <m_thresMulTimeIntv>1</m_thresMulTimeIntv>
</GestureDetector>