<?xml version="1.0" encoding="utf-8"?>
<GestureDetector xmlns:xsi="http://www.w3.org/2001/XMLSchema-instance" xmlns:xsd="http://www.w3.org/2001/XMLSchema">
  <m_name>zoomOut</m_name>
  <m_jointIdx>
    <SkeletonJoint>LeftShoulder</SkeletonJoint>
    <SkeletonJoint>LeftElbow</SkeletonJoint>
    <SkeletonJoint>RightShoulder</SkeletonJoint>
    <SkeletonJoint>RightElbow</SkeletonJoint>
  </m_jointIdx>
  <m_thresMulPerPost>
    <float>1</float>
    <float>1</float>
  </m_thresMulPerPost>
  <m_thresMulPerJoint>
    <float>1</float>
    <float>1</float>
    <float>1</float>
    <float>1</float>
  </m_thresMulPerJoint>
  <m_posts>
    <PostureDetector>
      <m_name>zoomOut_1</m_name>
      <m_jointMatcher>
        <JointMatcher>
          <m_jointIdx>LeftShoulder</m_jointIdx>
          <m_template>
            <x>-0.6712336</x>
            <y>-0.607811451</y>
            <z>0.3049775</z>
          </m_template>
          <m_templateThreshold>
            <x>35.776104</x>
            <y>39.74672</y>
            <z>20</z>
          </m_templateThreshold>
        </JointMatcher>
        <JointMatcher>
          <m_jointIdx>LeftElbow</m_jointIdx>
          <m_template>
            <x>-0.563032</x>
            <y>-0.05338233</y>
            <z>0.73482</z>
          </m_template>
          <m_templateThreshold>
            <x>47.03784</x>
            <y>37.2980423</y>
            <z>45.35688</z>
          </m_templateThreshold>
        </JointMatcher>
        <JointMatcher>
          <m_jointIdx>RightShoulder</m_jointIdx>
          <m_template>
            <x>0.823803365</x>
            <y>0.0651112</y>
            <z>0.5349865</z>
          </m_template>
          <m_templateThreshold>
            <x>20</x>
            <y>20.0651283</y>
            <z>21.87854</z>
          </m_templateThreshold>
        </JointMatcher>
        <JointMatcher>
          <m_jointIdx>RightElbow</m_jointIdx>
          <m_template>
            <x>0.397927672</x>
            <y>0.7815437</y>
            <z>0.451787</z>
          </m_template>
          <m_templateThreshold>
            <x>25.6262627</x>
            <y>20</y>
            <z>20</z>
          </m_templateThreshold>
        </JointMatcher>
      </m_jointMatcher>
    </PostureDetector>
    <PostureDetector>
      <m_name>zoomOut_2</m_name>
      <m_jointMatcher>
        <JointMatcher>
          <m_jointIdx>LeftShoulder</m_jointIdx>
          <m_template>
            <x>-0.0656053</x>
            <y>-0.6831681</y>
            <z>0.6843983</z>
          </m_template>
          <m_templateThreshold>
            <x>37.6042366</x>
            <y>20.8816185</y>
            <z>20</z>
          </m_templateThreshold>
        </JointMatcher>
        <JointMatcher>
          <m_jointIdx>LeftElbow</m_jointIdx>
          <m_template>
            <x>0.297751278</x>
            <y>0.007753869</y>
            <z>0.9432811</z>
          </m_template>
          <m_templateThreshold>
            <x>23.4762783</x>
            <y>20</y>
            <z>20</z>
          </m_templateThreshold>
        </JointMatcher>
        <JointMatcher>
          <m_jointIdx>RightShoulder</m_jointIdx>
          <m_template>
            <x>0.0540021732</x>
            <y>-0.4505239</y>
            <z>0.8635589</z>
          </m_template>
          <m_templateThreshold>
            <x>36.8649368</x>
            <y>20</y>
            <z>20</z>
          </m_templateThreshold>
        </JointMatcher>
        <JointMatcher>
          <m_jointIdx>RightElbow</m_jointIdx>
          <m_template>
            <x>-0.225778252</x>
            <y>0.122647658</y>
            <z>0.9549589</z>
          </m_template>
          <m_templateThreshold>
            <x>20</x>
            <y>24.5534935</y>
            <z>20</z>
          </m_templateThreshold>
        </JointMatcher>
      </m_jointMatcher>
    </PostureDetector>
  </m_posts>
  <m_intervals>
    <float>0.561285853</float>
  </m_intervals>
  <m_intvThres>
    <float>1.54063368</float>
  </m_intvThres>
  <m_thresMulTimeIntv>1</m_thresMulTimeIntv>
</GestureDetector>